InvoiceNo,StockCode,Description,Quantity,InvoiceDate,UnitPrice,CustomerID,Country
500011,21232,STRAWBERRY CERAMIC TRINKET BOX,5,2025-01-09 00:00:00,1.25,1003,United Kingdom
500014,22041,RECORD FRAME SINGLE SIZE,6,2025-01-10 00:00:00,2.1,1004,United Kingdom
500017,22138,BAKING SET RETROSPOT,7,2025-01-11 00:00:00,4.95,1005,United Kingdom
500001,84406B,CREAM CUPID HEARTS COAT HANGER,3,2025-01-12 00:00:00,2.75,1001,United Kingdom
500020,22613,PACK OF SPACEBOY NAPKINS,8,2025-01-12 00:00:00,0.85,1006,United Kingdom
500007,84029G,KNITTED UNION FLAG HOT WATER BOTTLE,4,2025-01-13 00:00:00,3.39,1002,United Kingdom
500025,85123A,WHITE HANGING HEART T-LIGHT HOLDER,1,2025-01-13 00:00:00,2.55,1007,United Kingdom
500029,71053,WHITE METAL LANTERN,2,2025-01-14 00:00:00,3.39,1008,United Kingdom
500047,85123A,WHITE HANGING HEART T-LIGHT HOLDER,1,2025-02-07 00:00:00,2.55,1014,United Kingdom
500051,71053,WHITE METAL LANTERN,2,2025-02-08 00:00:00,3.39,1015,United Kingdom
500015,22138,BAKING SET RETROSPOT,7,2025-02-09 00:00:00,4.95,1004,United Kingdom
500002,84029G,KNITTED UNION FLAG HOT WATER BOTTLE,4,2025-02-11 00:00:00,3.39,1001,United Kingdom
500021,85123A,WHITE HANGING HEART T-LIGHT HOLDER,1,2025-02-11 00:00:00,2.55,1006,United Kingdom
500008,21232,STRAWBERRY CERAMIC TRINKET BOX,5,2025-02-12 00:00:00,1.25,1002,United Kingdom
500030,84406B,CREAM CUPID HEARTS COAT HANGER,3,2025-02-13 00:00:00,2.75,1008,United Kingdom
500031,84029G,KNITTED UNION FLAG HOT WATER BOTTLE,4,2025-02-14 00:00:00,3.39,1009,United Kingdom
500036,21232,STRAWBERRY CERAMIC TRINKET BOX,5,2025-02-15 00:00:00,1.25,1010,United Kingdom
500039,22041,RECORD FRAME SINGLE SIZE,6,2025-02-16 00:00:00,2.1,1011,United Kingdom
500042,22138,BAKING SET RETROSPOT,7,2025-02-17 00:00:00,4.95,1012,United Kingdom
500045,22613,PACK OF SPACEBOY NAPKINS,8,2025-02-18 00:00:00,0.85,1013,United Kingdom
500048,71053,WHITE METAL LANTERN,2,2025-03-10 00:00:00,3.39,1014,United Kingdom
500012,22138,BAKING SET RETROSPOT,7,2025-03-11 00:00:00,4.95,1003,United Kingdom
500064,22613,PACK OF SPACEBOY NAPKINS,8,2025-03-11 00:00:00,0.85,1020,United Kingdom
500016,22613,PACK OF SPACEBOY NAPKINS,8,2025-03-12 00:00:00,0.85,1004,United Kingdom
500053,84029G,KNITTED UNION FLAG HOT WATER BOTTLE,4,2025-03-12 00:00:00,3.39,1016,United Kingdom
500057,21232,STRAWBERRY CERAMIC TRINKET BOX,5,2025-03-13 00:00:00,1.25,1017,United Kingdom
500003,21232,STRAWBERRY CERAMIC TRINKET BOX,5,2025-03-14 00:00:00,1.25,1001,United Kingdom
500022,71053,WHITE METAL LANTERN,2,2025-03-14 00:00:00,3.39,1006,United Kingdom
500059,22041,RECORD FRAME SINGLE SIZE,6,2025-03-14 00:00:00,2.1,1018,United Kingdom
500026,84406B,CREAM CUPID HEARTS COAT HANGER,3,2025-03-15 00:00:00,2.75,1007,United Kingdom
500061,22138,BAKING SET RETROSPOT,7,2025-03-15 00:00:00,4.95,1019,United Kingdom
500032,21232,STRAWBERRY CERAMIC TRINKET BOX,5,2025-03-17 00:00:00,1.25,1009,United Kingdom
500037,22041,RECORD FRAME SINGLE SIZE,6,2025-03-18 00:00:00,2.1,1010,United Kingdom
500043,22613,PACK OF SPACEBOY NAPKINS,8,2025-03-20 00:00:00,0.85,1012,United Kingdom
500049,84406B,CREAM CUPID HEARTS COAT HANGER,3,2025-04-09 00:00:00,2.75,1014,United Kingdom
500054,21232,STRAWBERRY CERAMIC TRINKET BOX,5,2025-04-11 00:00:00,1.25,1016,United Kingdom
500066,71053,WHITE METAL LANTERN,2,2025-04-11 00:00:00,3.39,1021,United Kingdom
500018,71053,WHITE METAL LANTERN,2,2025-04-12 00:00:00,3.39,1005,United Kingdom
500058,22041,RECORD FRAME SINGLE SIZE,6,2025-04-12 00:00:00,2.1,1017,United Kingdom
500069,84406B,CREAM CUPID HEARTS COAT HANGER,3,2025-04-12 00:00:00,2.75,1022,United Kingdom
500004,22041,RECORD FRAME SINGLE SIZE,6,2025-04-13 00:00:00,2.1,1001,United Kingdom
500023,84406B,CREAM CUPID HEARTS COAT HANGER,3,2025-04-13 00:00:00,2.75,1006,United Kingdom
500071,84029G,KNITTED UNION FLAG HOT WATER BOTTLE,4,2025-04-13 00:00:00,3.39,1023,United Kingdom
500009,22138,BAKING SET RETROSPOT,7,2025-04-14 00:00:00,4.95,1002,United Kingdom
500027,84029G,KNITTED UNION FLAG HOT WATER BOTTLE,4,2025-04-14 00:00:00,3.39,1007,United Kingdom
500062,22613,PACK OF SPACEBOY NAPKINS,8,2025-04-14 00:00:00,0.85,1019,United Kingdom
500073,21232,STRAWBERRY CERAMIC TRINKET BOX,5,2025-04-14 00:00:00,1.25,1024,United Kingdom
500074,22041,RECORD FRAME SINGLE SIZE,6,2025-04-15 00:00:00,2.1,1025,United Kingdom
500033,22041,RECORD FRAME SINGLE SIZE,6,2025-04-16 00:00:00,2.1,1009,United Kingdom
500040,22613,PACK OF SPACEBOY NAPKINS,8,2025-04-18 00:00:00,0.85,1011,United Kingdom
500044,85123A,WHITE HANGING HEART T-LIGHT HOLDER,1,2025-04-19 00:00:00,2.55,1012,United Kingdom
500050,84029G,KNITTED UNION FLAG HOT WATER BOTTLE,4,2025-05-12 00:00:00,3.39,1014,United Kingdom
500013,85123A,WHITE HANGING HEART T-LIGHT HOLDER,1,2025-05-13 00:00:00,2.55,1003,United Kingdom
500055,22041,RECORD FRAME SINGLE SIZE,6,2025-05-14 00:00:00,2.1,1016,United Kingdom
500067,84406B,CREAM CUPID HEARTS COAT HANGER,3,2025-05-14 00:00:00,2.75,1021,United Kingdom
500019,84406B,CREAM CUPID HEARTS COAT HANGER,3,2025-05-15 00:00:00,2.75,1005,United Kingdom
500070,84029G,KNITTED UNION FLAG HOT WATER BOTTLE,4,2025-05-15 00:00:00,3.39,1022,United Kingdom
500005,22138,BAKING SET RETROSPOT,7,2025-05-16 00:00:00,4.95,1001,United Kingdom
500024,84029G,KNITTED UNION FLAG HOT WATER BOTTLE,4,2025-05-16 00:00:00,3.39,1006,United Kingdom
500060,22613,PACK OF SPACEBOY NAPKINS,8,2025-05-16 00:00:00,0.85,1018,United Kingdom
500075,22138,BAKING SET RETROSPOT,7,2025-05-18 00:00:00,4.95,1025,United Kingdom
500034,22138,BAKING SET RETROSPOT,7,2025-05-19 00:00:00,4.95,1009,United Kingdom
500077,22613,PACK OF SPACEBOY NAPKINS,8,2025-05-19 00:00:00,0.85,1026,United Kingdom
500038,22613,PACK OF SPACEBOY NAPKINS,8,2025-05-20 00:00:00,0.85,1010,United Kingdom
500079,85123A,WHITE HANGING HEART T-LIGHT HOLDER,1,2025-05-20 00:00:00,2.55,1027,United Kingdom
500080,71053,WHITE METAL LANTERN,2,2025-05-21 00:00:00,3.39,1028,United Kingdom
500046,84406B,CREAM CUPID HEARTS COAT HANGER,3,2025-05-23 00:00:00,2.75,1013,United Kingdom
500052,22041,RECORD FRAME SINGLE SIZE,6,2025-06-12 00:00:00,2.1,1015,United Kingdom
500065,84406B,CREAM CUPID HEARTS COAT HANGER,3,2025-06-12 00:00:00,2.75,1020,United Kingdom
500056,22138,BAKING SET RETROSPOT,7,2025-06-13 00:00:00,4.95,1016,United Kingdom
500068,84029G,KNITTED UNION FLAG HOT WATER BOTTLE,4,2025-06-13 00:00:00,3.39,1021,United Kingdom
500006,22613,PACK OF SPACEBOY NAPKINS,8,2025-06-15 00:00:00,0.85,1001,United Kingdom
500072,22041,RECORD FRAME SINGLE SIZE,6,2025-06-15 00:00:00,2.1,1023,United Kingdom
500010,85123A,WHITE HANGING HEART T-LIGHT HOLDER,1,2025-06-16 00:00:00,2.55,1002,United Kingdom
500028,22041,RECORD FRAME SINGLE SIZE,6,2025-06-16 00:00:00,2.1,1007,United Kingdom
500063,71053,WHITE METAL LANTERN,2,2025-06-16 00:00:00,3.39,1019,United Kingdom
500076,22613,PACK OF SPACEBOY NAPKINS,8,2025-06-17 00:00:00,0.85,1025,United Kingdom
500035,22613,PACK OF SPACEBOY NAPKINS,8,2025-06-18 00:00:00,0.85,1009,United Kingdom
500078,85123A,WHITE HANGING HEART T-LIGHT HOLDER,1,2025-06-18 00:00:00,2.55,1026,United Kingdom
500041,71053,WHITE METAL LANTERN,2,2025-06-20 00:00:00,3.39,1011,United Kingdom
500081,84406B,CREAM CUPID HEARTS COAT HANGER,3,2025-06-20 00:00:00,2.75,1028,United Kingdom
500082,84029G,KNITTED UNION FLAG HOT WATER BOTTLE,4,2025-06-21 00:00:00,3.39,1029,United Kingdom
500083,21232,STRAWBERRY CERAMIC TRINKET BOX,5,2025-06-22 00:00:00,1.25,1030,United Kingdom
